{
  "rules": {
    "class-name": true,
    "comment-format": [true, "check-space"],
    "curly": true,
    "eofline": true,
    "indent": [true, "spaces"],
    "interface-name": true,
    "jsdoc-format": true,
    "max-line-length": [true, 140],
    "no-arg": true,
    "no-bitwise": false,
    "no-conditional-assignment": true,
    "no-consecutive-blank-lines": true,
    "no-construct": true,
    "no-debugger": true,
    "no-duplicate-key": true,
    "no-duplicate-variable": true,
    "no-empty": true,
    "no-eval": true,
    "no-shadowed-variable": true,
    "no-switch-case-fall-through": true,
    "no-trailing-whitespace": true,
    "no-unreachable": true,
    "no-unused-variable": true,
    "no-use-before-declare": true,
    "no-var-keyword": true,
    "one-line": [true,
      "check-open-brace",
      "check-catch",
      "check-else",
      "check-whitespace"
    ],
    "quotemark": [true, "single", "avoid-escape"],
    "semicolon": true,
    "switch-default": true,
    "use-strict": true,
    "typedef-whitespace": [
      true,
      {
        "call-signature": "nospace",
        "index-signature": "nospace",
        "parameter": "nospace",
        "property-declaration": "nospace",
        "variable-declaration": "nospace"
      }
    ],
    "variable-name": [true,
      "check-format",
      "allow-leading-underscore",
      "allow-trailing-underscore",
      "ban-keywords"
    ],
    "whitespace": [true,
      "check-branch",
      "check-decl",
      "check-module",
      "check-operator",
      "check-separator",
      "check-type"
    ]
  }
}
