{
  "TIME": {
    "type": "0x09",
    "dataLength": 4,
    "dataStruct": [4]
  },
  "ACTION": {
    "type": "0x01",
    "dataLength": 5,
    "dataStruct": [1, 1, 2, 1],
    "response": "V_ACTION"
  },
  "V_ACTION": {
    "type": "0x81",
    "dataLength": 3,
    "dataStruct": [1, 1, 1],
    "timeout": 30000
  },
  "PARAM": {
    "type": "0x02",
    "dataLength": 39,
    "dataStruct": [9, 1, 4, 1, 1, 4, 4, 4, 1, 10],
    "dataStrings": { "6": true, "7": true, "9": true },
    "response": "V_PARAM"
  },
  "Q_PARAM": {
    "type": "0x03",
    "response": "V_PARAM"
  },
  "V_PARAM": {
    "type": "0x82",
    "dataLength": 39,
    "dataStruct": [9, 1, 4, 1, 1, 4, 4, 4, 1, 10],
    "dataStrings": { "6": true, "7": true, "9": true }
  },
  "PROG": {
    "type": "0x04",
    "dataLength": 137,
    "dataStruct": [1, 2, [4, 1, 1, 1, 2, 1], 2, 1, 1, 1, 1, 1, 10, 1, [1, 1, 1, 1]],
    "dataRepeat": { "2": 10, "11": 4 },
    "response": "V_PROG"
  },
  "Q_PROG": {
    "type": "0x05",
    "response": "V_PROG"
  },
  "V_PROG": {
    "type": "0x83",
    "dataLength": 137,
    "dataStruct": [1, 2, [4, 1, 1, 1, 2, 1], 2, 1, 1, 1, 1, 1, 10, 1, [1, 1, 1, 1]],
    "dataRepeat": { "2": 10, "11": 4 }
  },
  "Q_ETAT": {
    "type": "0x06",
    "response": "V_ETAT"
  },
  "V_ETAT": {
    "type": "0x84",
    "dataLength": 29,
    "dataStruct": [9, 1, 3, 4, 1, 1, 1, 1, 1, 1, 1, 1, 4]
  },
  "Q_HISTO": {
    "type": "0x07",
    "dataLength": 11,
    "dataStruct": [1, 4, 4, 2]
  },
  "V_HISTO_SYNC": {
    "type": "0x85",
    "dataLength": 19,
    "dataStruct": [3, 1, 3, 4, 1, 1, 1, 1, 1, 1, 1, 1]
  },
  "V_HISTO_ASYNC": {
    "type": "0x87",
    "dataLength": 12,
    "dataStruct": [1, 3, 4, 4]
  },
  "Q_STATI": {
    "type": "0x08",
    "response": "V_STATI"
  },
  "V_STATI": {
    "type": "0x86",
    "dataLength": 92,
    "dataStruct": [1, 4, 2, 3, 2, 2, 1, 1, 2, 2, 1, 1, 3, 2, 2, 2, 1, 1, 3,
      2, 2, 1, 1, 3, 2, 4, 2, 2, 2, 2, 1, 2, 3, 2, 2, 1, 2, 1, 4, 10, 3, 2]
  },
  "GEOLOC": {
    "type": "0x0A",
    "dataLength": 250,
    "dataStruct": [25, 1, 11, 11, 8, 4, 5, 55, 10, 20, 100],
    "dataStrings": { "0": true, "2": true, "3": true, "4": true, "6": true, "7": true, "8": true, "9": true, "10": true },
    "response": "V_GEOLOC"
  },
  "Q_GEOLOC": {
    "type": "0x0B",
    "response": "V_GEOLOC"
  },
  "V_GEOLOC": {
    "type": "0x88",
    "dataLength": 250,
    "dataStruct": [25, 1, 11, 11, 8, 4, 5, 55, 10, 20, 100],
    "dataStrings": { "0": true, "2": true, "3": true, "4": true, "6": true, "7": true, "8": true, "9": true, "10": true }
  },
  "DISCONNECT": {
    "type": "0x79"
  },
  "TEST": {
    "type": "0x99",
    "dataLength": 5,
    "dataStruct": [1, 1, 1, 1, 1],
    "response": "V_TEST"
  },
  "V_TEST": {
    "type": "0x30",
    "dataLength": 6,
    "dataStruct": [[1]],
    "dataRepeat": { "0": 6 }
  },
  "TEST2": {
    "type": "0x80",
    "dataLength": 34,
    "dataStruct": [[1]],
    "dataRepeat": { "0": 34 },
    "response": "V_TEST2"
  },
  "V_TEST2": {
    "type": "0x80",
    "dataLength": 72,
    "dataStruct": [[1]],
    "dataRepeat": { "0": 72 },
    "response": "V_TEST2"
  }
}
